epoch,train_loss,val_loss,val_macro_f1,val_macro_precision,val_macro_recall,val_accuracy,learning_rate
1,2.1422290205955505,1.9575526714324951,0.22790851327035538,0.33344606782106784,0.21875,0.21875,0.001
2,1.9254911243915558,1.9086723923683167,0.19806345615169146,0.2159722222222222,0.25,0.25,0.001
3,1.8533078134059906,1.8444148302078247,0.2649697252638429,0.41133040935672516,0.296875,0.296875,0.001
4,1.737651288509369,1.7887232899665833,0.3616866793337382,0.46773504273504274,0.375,0.375,0.001
5,1.6292205154895782,1.7482032179832458,0.341324369009791,0.5212301587301588,0.34375,0.34375,0.001
6,1.5858405530452728,1.712881624698639,0.33457491582491583,0.5270508000771159,0.375,0.375,0.001
7,1.4937694072723389,1.6757453680038452,0.26472864300450505,0.3752801120448179,0.328125,0.328125,0.001
8,1.4680152535438538,1.65077406167984,0.24512709512709513,0.3612026862026862,0.28125,0.28125,0.001
9,1.4234727919101715,1.629012107849121,0.23588482773265382,0.2715277777777778,0.265625,0.265625,0.001
